"sourcedId","status","dateLastModified","title","grades","courseSourcedId","classCode","classType","location","schoolSourcedId","termSourcedIds","subjects","subjectCodes","periods"
"cl0001","","","Introduction to Information Processing","","co0001","C401","scheduled","","or0001","as0001","","","1-2"
"cl0002","","","Introduction to Information Processing","","co0001","C402","scheduled","","or0001","as0001","","","2-1"
"cl0003","","","Advanced Information Systems","","co0002","C403","scheduled","","or0001","as0003","","","1-4"
"cl0004","","","Introduction to Information Processing","","co0001","C404","scheduled","","or0001","as0002","","","3-1"
"cl0005","","","Introduction to Information Processing","","co0001","C405","scheduled","","or0001","as0002","","","3-1"
